"dates";"SMB_val"
"2018-12-31";0.029654400033072674
"2018-12-28";0.3416905902976934
"2018-12-27";-0.16385947676722545
"2018-12-24";-0.03652189174339236
"2018-12-21";0.0074603573610962925
"2018-12-20";0.039484967745534144
"2018-12-19";-0.09494137360392564
"2018-12-18";0.0554438507088615
"2018-12-17";-0.03398432260445851
"2018-12-14";-0.006231507546772819
"2018-12-13";-0.004740187912209513
"2018-12-12";0.003176163670358237
"2018-12-11";0.04301200697017866
"2018-12-10";0.026379480599263233
"2018-12-07";0.016408838839508177
"2018-12-06";0.12238016231812908
"2018-12-05";-0.014662039094835932
"2018-12-04";0.08152466892521412
"2018-12-03";-0.004297973077276265
"2018-11-30";0.011486257616077536
"2018-11-29";-0.032282851366974806
"2018-11-28";0.036914914943531496
"2018-11-27";0.0486811056119633
"2018-11-26";-0.03761262830002801
"2018-11-23";-0.007252114316695597
"2018-11-22";0.05511848079564143
"2018-11-21";-0.18100797629247228
"2018-11-20";0.07893528119937432
"2018-11-19";0.05496116790814144
"2018-11-16";-0.10239638291347831
"2018-11-15";-0.040093306038976685
"2018-11-14";0.019441235696690554
"2018-11-13";0.04398535449438944
"2018-11-12";-0.09176421707629392
"2018-11-09";0.059298972717482135
"2018-11-08";0.06946393182553189
"2018-11-07";-0.15772269127100158
"2018-11-06";-0.11547574536303551
"2018-11-05";-0.006146460946282489
"2018-11-02";0.09649732159965217
"2018-11-01";-0.07183084784792791
"2018-10-31";0.029526841831657866
"2018-10-30";-0.051444469065647244
"2018-10-29";0.1168747706208522
"2018-10-26";0.050526233573673834
"2018-10-25";-0.04516536226494781
"2018-10-24";0.07025390954789948
"2018-10-23";0.029939172677691063
"2018-10-22";0.1064901459259461
"2018-10-19";0.014158657400205148
"2018-10-18";0.09919853498160011
"2018-10-17";0.006174307566500108
"2018-10-16";0.04578808719655901
"2018-10-15";-0.09498468084272205
"2018-10-12";-0.0495376580512189
"2018-10-11";-0.02656836362095806
"2018-10-10";0.053247328693308504
"2018-10-09";-0.027202463206723048
"2018-10-05";-0.09591313049177914
"2018-10-04";-0.04815326588440297
"2018-10-03";-0.10281581665466394
"2018-10-02";0.08506454563875829
"2018-10-01";-0.00728996630474071
"2018-09-28";0.040654415046621636
"2018-09-27";-0.02255588351439539
"2018-09-26";0.04259075061763545
"2018-09-25";0.04394065480002744
"2018-09-24";-0.057226957735990625
"2018-09-21";0.02127609420400431
"2018-09-20";0.016501505760236818
"2018-09-19";0.09119795335643613
"2018-09-18";-0.05233959394389382
"2018-09-17";-0.035326866324522276
"2018-09-14";0.008826529035613255
"2018-09-13";0.2975660911421464
"2018-09-12";-0.01698422401080866
"2018-09-11";0.10266701530355066
"2018-09-10";-0.024255129191116245
"2018-09-07";0.010409837617862922
"2018-09-06";-0.01980786525625642
"2018-09-05";0.09184733625678519
"2018-09-04";-0.1720854376425286
"2018-08-31";0.02201076106100096
"2018-08-30";-0.05514088039650071
"2018-08-29";-0.10541115212201224
"2018-08-28";0.06299522999813265
"2018-08-27";-0.05336845257346609
"2018-08-24";-0.1252963796951437
"2018-08-23";-0.009265467213658687
"2018-08-22";-0.09419660072436342
"2018-08-21";0.05557675564035359
"2018-08-20";-0.12128839322795915
"2018-08-17";-0.08786260389539109
"2018-08-16";0.0005613811551639057
"2018-08-15";-0.2428628476032414
"2018-08-14";-0.012987867319940834
"2018-08-13";0.1261435389912346
"2018-08-10";0.0019205913864164988
"2018-08-09";-0.1068323170294499
"2018-08-08";-0.04454476787764042
"2018-08-07";0.13331051038136346
"2018-08-03";0.015291701324402558
"2018-08-02";0.029851432139826536
"2018-08-01";0.06789834342677915
"2018-07-31";0.016563991971378103
"2018-07-30";0.032652626098390314
"2018-07-27";0.10374730591079304
"2018-07-26";0.3587923443031597
"2018-07-25";-0.09161828767716036
"2018-07-24";0.10622554768065928
"2018-07-23";-0.07348244034119061
"2018-07-20";0.035264415104827404
"2018-07-19";-0.016420625981987142
"2018-07-18";-0.019054728259340122
"2018-07-17";0.07743048608695043
"2018-07-16";0.052189398214636765
"2018-07-13";0.0053506721821746026
"2018-07-12";-0.02953041192173553
"2018-07-11";0.002702879916542259
"2018-07-10";-0.0060357696979122175
"2018-07-09";-0.019791654254823272
"2018-07-06";0.01854167288843152
"2018-07-05";0.007509081501637503
"2018-07-04";-0.035966418586289614
"2018-07-03";0.05693390061335874
"2018-06-29";0.028009234358050396
"2018-06-28";-0.049421590624023105
"2018-06-27";0.07350755379081886
"2018-06-26";0.053079033229547976
"2018-06-25";0.04808699543152323
"2018-06-22";0.04756207969115663
"2018-06-21";-0.07705335636924154
"2018-06-20";-0.14139748019754275
"2018-06-19";-0.0028359707212373755
"2018-06-18";-0.03417408372731425
"2018-06-15";-0.03397785186132359
"2018-06-14";-0.01797423835385023
"2018-06-13";-0.04904048043595082
"2018-06-12";0.011389622442528724
"2018-06-11";-0.011809891523359786
"2018-06-08";0.05043082941485638
"2018-06-07";0.058717098989912106
"2018-06-06";-0.14376598997848936
"2018-06-05";-0.018003704671104286
"2018-06-04";-0.19652165615967981
"2018-06-01";-0.0032034580309626692
"2018-05-31";-0.07799615656140858
"2018-05-30";0.04026644682606033
"2018-05-29";-0.0653221153073887
"2018-05-28";0.04197448024719695
"2018-05-25";0.14282992080852708
"2018-05-24";0.03333004532433574
"2018-05-23";0.024585514482454728
"2018-05-22";-0.05248808989598607
"2018-05-18";-0.11092229356632469
"2018-05-17";0.004145387382459925
"2018-05-16";-0.011280701170903226
"2018-05-15";0.04028957055814776
"2018-05-14";-0.07319199861485484
"2018-05-11";0.10625565997037217
"2018-05-10";-0.0005991084812865463
"2018-05-09";-0.05009127379365212
"2018-05-08";-0.0377364341199118
"2018-05-07";-0.13682016846763345
"2018-05-04";-0.013789171153751643
"2018-05-03";0.027225309392227913
"2018-05-02";0.0008537154852648887
"2018-05-01";0.016132022383219594
"2018-04-30";-0.13296738979087974
"2018-04-27";0.04782074307293048
"2018-04-26";0.1141728233109417
"2018-04-25";0.07541045276135877
"2018-04-24";0.027486063685410258
"2018-04-23";0.03896409542811788
"2018-04-20";-0.041662302542531435
"2018-04-19";0.02904627761485918
"2018-04-18";-0.15792715296867438
"2018-04-17";0.12100568883200064
"2018-04-16";-0.009168835627866377
"2018-04-13";-0.08405890153654495
"2018-04-12";-0.017614581296067112
"2018-04-11";0.0460165698043278
"2018-04-10";-0.049897822481522865
"2018-04-09";0.09156851878957739
"2018-04-06";0.014681078804294652
"2018-04-05";0.011546242176423277
"2018-04-04";0.08752996274309444
"2018-04-03";0.07500265813617689
"2018-04-02";0.0703891190156038
"2018-03-29";-0.049223488818074666
"2018-03-28";0.1441096602532961
"2018-03-27";0.01768137975555432
"2018-03-26";-0.2201816633808787
"2018-03-23";-0.053749580017340176
"2018-03-22";0.04677212031164599
"2018-03-21";-0.027846003743928708
"2018-03-20";-0.0035235096506402858
"2018-03-19";-0.04017883284672506
"2018-03-16";0.039412087419212316
"2018-03-15";0.028322187937537477
"2018-03-14";0.057111475841168685
"2018-03-13";-0.02748288091458696
"2018-03-12";-0.011691660839477085
"2018-03-09";0.01705658026798665
"2018-03-08";0.017856061060112033
"2018-03-07";0.003742844874034007
"2018-03-06";-0.07225295409141652
"2018-03-05";-0.21749730427783304
"2018-03-02";-0.1296402025689037
"2018-03-01";-0.08028405665496191
"2018-02-28";0.04883707829621128
"2018-02-27";-0.002653770788156179
"2018-02-26";0.03182313064956683
"2018-02-23";0.006771639205793451
"2018-02-22";0.04785393751666964
"2018-02-21";0.07403090672001943
"2018-02-20";-0.04446206495450415
"2018-02-16";-0.004754638990383652
"2018-02-15";-0.15656950885124757
"2018-02-14";-0.10029022195399964
"2018-02-13";0.013111960475783599
"2018-02-12";0.0494681713081897
"2018-02-09";-0.06348952751805187
"2018-02-08";0.041720439666410244
"2018-02-07";0.03636195279747874
"2018-02-06";-0.08676190051334588
"2018-02-05";0.016995555284623987
"2018-02-02";0.13665815010252064
"2018-02-01";0.1379435258618275
"2018-01-31";-0.06595540298012557
"2018-01-30";0.12921080174622407
"2018-01-29";-0.01741895738293346
"2018-01-26";-0.03935742373331649
"2018-01-25";0.08092356077320845
"2018-01-24";0.062232094485429316
"2018-01-23";0.1957280393408618
"2018-01-22";-0.026118204061603603
"2018-01-19";0.0402242075397427
"2018-01-18";-0.0879207378307562
"2018-01-17";-0.03800750471312826
"2018-01-16";0.01254879731222601
"2018-01-15";-0.12194105135088251
"2018-01-12";0.13578939240174254
"2018-01-11";0.24212013288643736
"2018-01-10";0.030043934021866968
"2018-01-09";-0.11783173796070098
"2018-01-08";-0.15822387650034142
"2018-01-05";-0.03760637002260865
"2018-01-04";0.2012878659277611
"2018-01-03";-0.043609002377370934
"2018-01-02";-0.046513574033808874
"2017-12-29";0.013361690918702433
"2017-12-28";-0.08728408879301147
"2017-12-27";-0.25808188343369803
"2017-12-22";-0.05065793662270359
"2017-12-21";-0.010590266071591716
"2017-12-20";0.06709683790223725
"2017-12-19";-0.05404548864549023
"2017-12-18";-0.03922980989613514
"2017-12-15";-0.07731561563084986
"2017-12-14";-0.03266911663690966
"2017-12-13";0.07628831409463079
"2017-12-12";-0.002843068537998473
"2017-12-11";-0.017502314514976997
"2017-12-08";-0.08887601298156
"2017-12-07";0.03491537118301195
"2017-12-06";0.07063264095718771
"2017-12-05";-0.018011384878866922
"2017-12-04";-0.03308918662939199
"2017-12-01";-0.023906307254203445
"2017-11-30";0.0052023511897720046
"2017-11-29";0.07645288494920702
"2017-11-28";0.03638101249015629
"2017-11-27";-0.046229487646903294
"2017-11-24";0.0010210269963873975
"2017-11-23";0.026199929960340658
"2017-11-22";-0.05598143184037073
"2017-11-21";-0.03402825234241659
"2017-11-20";0.02144856059813407
"2017-11-17";-0.10986580984653524
"2017-11-16";0.07724284606027564
"2017-11-15";0.06020964370199105
"2017-11-14";0.0456233126523614
"2017-11-13";0.16848101489031947
"2017-11-10";-0.06513365935778131
"2017-11-09";-0.08968491438635237
"2017-11-08";-0.09290834690711408
"2017-11-07";-0.13724851517546893
"2017-11-06";-0.24339148607198913
"2017-11-03";-0.08598407229128815
"2017-11-02";-0.08444575972585244
"2017-11-01";-0.018944614620643625
"2017-10-31";-0.0943283159042756
"2017-10-30";-0.17325188555721835
"2017-10-27";0.03279197527262978
"2017-10-26";0.06901481556496697
"2017-10-25";-0.032519127183521
"2017-10-24";0.019366132149195116
"2017-10-23";-0.08753461197302294
"2017-10-20";-0.08058434136070877
"2017-10-19";0.06885794865076142
"2017-10-18";-0.01834571339598745
"2017-10-17";0.023347598545240135
"2017-10-16";-0.08057438120963285
"2017-10-13";-0.004650655708752673
"2017-10-12";0.014984456533132406
"2017-10-11";-0.033025761575658466
"2017-10-10";-0.019161177560880097
"2017-10-06";-0.030524017209700306
"2017-10-05";-0.09932327343747882
"2017-10-04";-0.009884774721756265
"2017-10-03";-0.0055111456491423495
"2017-10-02";0.023333692922814606
"2017-09-29";0.0463712902219509
"2017-09-28";0.12099021692659671
"2017-09-27";-0.021889252219593335
"2017-09-26";-0.016255469137138125
"2017-09-25";-0.07926252577015025
"2017-09-22";0.05157126391519312
"2017-09-21";0.009693006502855529
"2017-09-20";-0.04735271393079054
"2017-09-19";-0.015367339154019367
"2017-09-18";0.02543438445690363
"2017-09-15";-0.014001493782717925
"2017-09-14";-0.10696331953805072
"2017-09-13";-0.0018217723735334673
"2017-09-12";-0.020278785805681418
"2017-09-11";0.03017487626653699
"2017-09-08";-0.0731013906744237
"2017-09-07";-0.17205064127286845
"2017-09-06";-0.004508232507782154
"2017-09-05";-0.010270463004896507
"2017-09-01";0.03184268083944835
"2017-08-31";0.03581962896567578
"2017-08-30";-0.046157702077611856
"2017-08-29";0.20352005076267804
"2017-08-28";-0.004687351368131306
"2017-08-25";0.05020988487156671
"2017-08-24";-0.02769469891785
"2017-08-23";-0.039307999663187584
"2017-08-22";-0.0778534299517325
"2017-08-21";0.04587226932942912
"2017-08-18";0.04322591878336912
"2017-08-17";0.01516422582225098
"2017-08-16";0.18663818492991513
"2017-08-15";0.08354083996085976
"2017-08-14";-0.07200529422022463
"2017-08-11";-0.024979706049932104
"2017-08-10";-0.07873340942786686
"2017-08-09";0.039750217846530114
"2017-08-08";0.0413255769566385
"2017-08-04";-0.07721023200025826
"2017-08-03";-0.04953519912978433
"2017-08-02";-0.09424173904518227
"2017-08-01";-0.005234681778742098
"2017-07-31";-0.09284684376334695
"2017-07-28";-0.058083035728269686
"2017-07-27";0.16244465781486175
"2017-07-26";-0.18584543852084473
"2017-07-25";0.05180311779904392
"2017-07-24";-0.11965083214889947
"2017-07-21";-0.03638666745354645
"2017-07-20";-0.014775105002188173
"2017-07-19";-0.0872244363810417
"2017-07-18";0.05096314039948939
"2017-07-17";-0.10312914749923902
"2017-07-14";0.01908431212615053
"2017-07-13";0.03504263499277229
"2017-07-12";-0.00548989098834579
"2017-07-11";-0.08707496991223942
"2017-07-10";0.07868131341361126
"2017-07-07";0.007261163839099274
"2017-07-06";0.02481904568790974
"2017-07-05";-0.044207215037944
"2017-07-04";0.03482912940867826
"2017-06-30";0.0077446490821143615
"2017-06-29";0.062553500391106
"2017-06-28";-0.017603199353216525
"2017-06-27";0.15429407316631844
"2017-06-26";-0.06653436357380951
"2017-06-23";-0.07223065181693446
"2017-06-22";-0.033846867380184185
"2017-06-21";0.019449094781667148
"2017-06-20";0.016628566576757625
"2017-06-19";-0.08057319724636806
"2017-06-16";0.1562535159979909
"2017-06-15";-0.12165168174789927
"2017-06-14";-0.016986639184858612
"2017-06-13";-0.007981196705848612
"2017-06-12";0.06625692726005558
"2017-06-09";-0.09821410561340181
"2017-06-08";-0.05824940307198754
"2017-06-07";-0.07014304510049094
"2017-06-06";-0.007535133367506899
"2017-06-05";-0.005431941011767204
"2017-06-02";0.009043390172289136
"2017-06-01";-0.13793595796506675
"2017-05-31";-0.031117103956089315
"2017-05-30";-0.05969802699619137
"2017-05-29";0.08508129790217508
"2017-05-26";-0.0791086864789283
"2017-05-25";0.05115221877860672
"2017-05-24";0.07746362111789895
"2017-05-23";0.06595664747357566
"2017-05-19";-0.0004977709252177095
"2017-05-18";-0.05884830904687226
"2017-05-17";0.0691380167406617
"2017-05-16";0.02906398905902663
"2017-05-15";-0.00010437421184474743
"2017-05-12";0.0028977535694113613
"2017-05-11";-0.0332684820525633
"2017-05-10";0.064859378956932
"2017-05-09";0.056527360467453346
"2017-05-08";-0.04728453807400761
"2017-05-05";-0.108615402069347
"2017-05-04";-0.06108130754492392
"2017-05-03";0.016424609472963182
"2017-05-02";-0.016036685664843106
"2017-05-01";-0.05442494918989971
"2017-04-28";0.010674066897388597
"2017-04-27";0.023176390199180344
"2017-04-26";0.07878187145277397
"2017-04-25";0.04658113365530313
"2017-04-24";-0.02537560828710599
"2017-04-21";-0.04003431651031637
"2017-04-20";0.0266496694855681
"2017-04-19";-0.10051381180000761
"2017-04-18";0.0660571391026149
"2017-04-17";0.017525569367740575
"2017-04-13";0.08884706800821636
"2017-04-12";0.014266999561629662
"2017-04-11";0.07001237284256882
"2017-04-10";-0.0400955963628604
"2017-04-07";0.03594618533095873
"2017-04-06";-0.050553401952963706
"2017-04-05";-0.011921561627711663
"2017-04-04";-0.06458739294184174
"2017-04-03";0.0765153357782046
"2017-03-31";0.041931067113967206
"2017-03-30";-0.040308908585077574
"2017-03-29";-0.019777553851264076
"2017-03-28";0.009396790320733955
"2017-03-27";-0.10975833080208183
"2017-03-24";-0.029218369615080515
"2017-03-23";-0.11473217590350877
"2017-03-22";0.004705493808422809
"2017-03-21";0.09724995234836813
"2017-03-20";0.0008870598203775878
"2017-03-17";0.012785724182384207
"2017-03-16";-0.005826882854027568
"2017-03-15";-0.04804354127576903
"2017-03-14";-0.024572513805945564
"2017-03-13";0.03888664752768142
"2017-03-10";0.07541798608709471
"2017-03-09";0.005823090279647079
"2017-03-08";0.08834721811098706
"2017-03-07";0.07601637808549908
"2017-03-06";-0.06399635379762605
"2017-03-03";0.03556448366910883
"2017-03-02";-0.017278696889876148
"2017-03-01";0.04690842001133673
"2017-02-28";0.004378360299652113
"2017-02-27";-0.06429604784209128
"2017-02-24";0.10653530776141767
"2017-02-23";-0.0008350850045158262
"2017-02-22";-0.027218373768397447
"2017-02-21";-0.0745900130192321
"2017-02-17";-0.040628162927981146
"2017-02-16";-0.07343654768723026
"2017-02-15";-0.020265904897260777
"2017-02-14";0.051907018345426346
"2017-02-13";-0.041570031665330964
"2017-02-10";0.012708354908075703
"2017-02-09";-0.04668840632926151
"2017-02-08";-0.03925575688613146
"2017-02-07";-0.0221985655299452
"2017-02-06";-0.16259050192860258
"2017-02-03";-0.016754922368793765
"2017-02-02";-0.007116603747185915
"2017-02-01";0.030182556600035423
"2017-01-31";-0.007432618780100262
"2017-01-30";0.016757531472042668
"2017-01-27";-0.0007344604931899257
"2017-01-26";0.011302778265786764
"2017-01-25";0.057426147351563636
"2017-01-24";-0.016551239274247148
"2017-01-23";-0.008083890032813576
"2017-01-20";-0.06633474424642855
"2017-01-19";0.06648000056086592
"2017-01-18";0.054629289716811164
"2017-01-17";-0.11314949001758724
"2017-01-16";-0.0525455591939612
"2017-01-13";-0.08677245397734898
"2017-01-12";0.02227761874624912
"2017-01-11";0.02077105777992675
"2017-01-10";0.0665233624884776
"2017-01-09";-0.013200933538630786
"2017-01-06";-0.022207222258444494
"2017-01-05";0.11226871222796869
"2017-01-04";-0.04098123106040141
"2017-01-03";-0.06484268429311743
"2016-12-30";-0.012087721170087728
"2016-12-29";0.06223756757398839
"2016-12-28";0.05663080598984439
"2016-12-23";0.005739732101664672
"2016-12-22";-0.0597044273640039
"2016-12-21";0.07749728429771852
"2016-12-20";0.047162647249798656
"2016-12-19";0.05084956486733459
"2016-12-16";0.016242207468470552
"2016-12-15";0.019815947360754343
"2016-12-14";-0.0016755462831160167
"2016-12-13";-0.12879415237593267
"2016-12-12";-0.053555508906320576
"2016-12-09";0.01616824921920837
"2016-12-08";0.08873742623600436
"2016-12-07";-0.06900747285378891
"2016-12-06";0.059783146477737886
"2016-12-05";0.0746815245953697
"2016-12-02";-0.018230863196185068
"2016-12-01";0.07781153356637883
"2016-11-30";0.007849577633596574
"2016-11-29";0.028862485794083022
"2016-11-28";-0.0499990012943181
"2016-11-25";0.04376430020218446
"2016-11-24";0.05658107575514056
"2016-11-23";-0.28778331227679405
"2016-11-22";0.2915500030701892
"2016-11-21";0.10869594997975618
"2016-11-18";0.04863487407416952
"2016-11-17";-0.10436805004605189
"2016-11-16";0.17606695341905637
"2016-11-15";-0.26291065354447396
"2016-11-14";-0.15968817537821492
"2016-11-11";-0.023769235013171568
"2016-11-10";-0.07851794176102973
"2016-11-09";0.03631518517113293
"2016-11-08";-0.09074918654866773
"2016-11-07";-0.04859879029908558
"2016-11-04";-0.038540544276140634
"2016-11-03";-0.053569645412922515
"2016-11-02";0.0031385836123690447
"2016-11-01";-0.11612625349264004
"2016-10-31";-0.06673983800476893
"2016-10-28";0.011307107317887165
"2016-10-27";-0.08617005407677615
"2016-10-26";-0.11430702979437204
"2016-10-25";0.0899340130447038
"2016-10-24";0.04562683263253514
"2016-10-21";0.06698741637512941
"2016-10-20";-0.008290740470509345
"2016-10-19";-0.0877511773903353
"2016-10-18";-0.13989609854410795
"2016-10-17";-0.09164587339897026
"2016-10-14";-0.021403384980362913
"2016-10-13";-0.01763042000793533
"2016-10-12";0.0027480461152734476
"2016-10-11";-0.04783259754498872
"2016-10-07";-0.053206358828853405
"2016-10-06";0.005196485545747
"2016-10-05";0.04185149251085603
"2016-10-04";-0.11040491846022996
"2016-10-03";-0.07365931828561968
"2016-09-30";-0.014780258861741002
"2016-09-29";-0.018021425415161565
"2016-09-28";0.01718694217467022
"2016-09-27";0.031015551174909114
"2016-09-26";-0.05775337583402387
"2016-09-23";0.0036275952492934235
"2016-09-22";0.014820552346247573
"2016-09-21";0.02438150247826679
"2016-09-20";0.007517489295981051
"2016-09-19";-0.010757666931684944
"2016-09-16";-0.005402866653359373
"2016-09-15";-0.060954560775929124
"2016-09-14";-0.021388682628678227
"2016-09-13";0.010303571188613324
"2016-09-12";-0.008877004060450801
"2016-09-09";0.028213236085274873
"2016-09-08";-0.023243567581156897
"2016-09-07";0.006024293232892351
"2016-09-06";0.03586766041734399
"2016-09-02";-0.015748448992244413
"2016-09-01";-0.09228260714362346
"2016-08-31";0.030456059139290222
"2016-08-30";-0.007403083589957982
"2016-08-29";0.017178567950958592
"2016-08-26";-0.03897658331743631
"2016-08-25";0.03802575472192969
"2016-08-24";-0.021541575969407863
"2016-08-23";-0.006191144109977405
"2016-08-22";-0.02203075385413379
"2016-08-19";-0.014769217673309618
"2016-08-18";-0.03389519867839485
"2016-08-17";0.004335272442269708
"2016-08-16";-0.003522501324974331
"2016-08-15";0.01886342256519879
"2016-08-12";-0.028442797091971013
"2016-08-11";0.11890759546505747
"2016-08-10";-0.018290419844698026
"2016-08-09";-0.019958042202093892
"2016-08-08";0.09952412153266718
"2016-08-05";-0.12942716658968523
"2016-08-04";-0.1040606391230808
"2016-08-03";-0.12157175863643628
"2016-08-02";0.02701598480686223
"2016-07-29";-0.048138026762380215
"2016-07-28";-0.11711740810998354
"2016-07-27";-0.050385919089851544
"2016-07-26";-0.02696937132381575
"2016-07-25";-0.09333368073201212
"2016-07-22";-0.030727222359933345
"2016-07-21";0.1330157786364012
"2016-07-20";-0.06072444048474521
"2016-07-19";-0.013333935095942683
"2016-07-18";-0.006118501557817499
"2016-07-15";0.03285901597939549
"2016-07-14";-0.010991589466084733
"2016-07-13";0.03022896186240983
"2016-07-12";-0.013868346726211876
"2016-07-11";0.03061941206985934
"2016-07-08";0.038771421727160145
"2016-07-07";0.02347475572426115
"2016-07-06";0.013562363035788068
"2016-07-05";-0.12279602326591495
"2016-07-04";0.006212837210257269
"2016-06-30";0.032709724918462836
"2016-06-29";-0.05681543354687193
"2016-06-28";-0.0018668467235067251
"2016-06-27";0.07437583656671437
"2016-06-24";0.052463706902386734
"2016-06-23";-0.06480591002934935
"2016-06-22";-0.058005416554614095
"2016-06-21";-0.10895265436931768
"2016-06-20";0.06562494774845297
"2016-06-17";0.00833302185015438
"2016-06-16";-0.11784941493705427
"2016-06-15";0.003182691769705653
"2016-06-14";0.0037523746290868444
"2016-06-13";0.025717422977246163
"2016-06-10";0.028678903535962117
"2016-06-09";0.01933098498663385
"2016-06-08";-0.03291341374909679
"2016-06-07";0.000166318403772861
"2016-06-06";-0.009345541371711348
"2016-06-03";0.0783495792110171
"2016-06-02";-0.03410880627892747
"2016-06-01";-0.04564559056855263
"2016-05-31";0.06915616655769653
"2016-05-30";0.00808637031793336
"2016-05-27";0.03665806855963397
"2016-05-26";0.006996652221579035
"2016-05-25";-0.036769392162896854
"2016-05-24";0.004614375646751975
"2016-05-20";-0.02271989783335317
"2016-05-19";0.06709880121267665
"2016-05-18";0.03180631732512724
"2016-05-17";0.08582124741674323
"2016-05-16";-0.014037673644267234
"2016-05-13";-0.05932742187616645
"2016-05-12";-0.06957590616110358
"2016-05-11";0.07214550910431433
"2016-05-10";-0.11856627965360036
"2016-05-09";0.00042451145081916393
"2016-05-06";-0.06495264711974771
"2016-05-05";0.04967704373065414
"2016-05-04";0.030463854277095047
"2016-05-03";-0.034669707749474726
"2016-05-02";0.09705038201951446
"2016-04-29";-0.046106032718749815
"2016-04-28";0.047072437230627075
"2016-04-27";0.040051953462418494
"2016-04-26";0.04273393473430345
"2016-04-25";0.030876998945959272
"2016-04-22";0.005961042019985617
"2016-04-21";0.08258712734398402
"2016-04-20";-0.06411905151047619
"2016-04-19";-0.06001982564459564
"2016-04-18";0.03940016489156594
"2016-04-15";0.027855145884504842
"2016-04-14";-0.0132736188342305
"2016-04-13";0.09652287547039418
"2016-04-12";0.011246346993429898
"2016-04-11";-0.002192114538409078
"2016-04-08";-0.027445949716311663
"2016-04-07";0.06172493685806075
"2016-04-06";0.10669017548127094
"2016-04-05";0.014516008143061978
"2016-04-04";0.03321206152412627
"2016-04-01";-0.05189260958618445
"2016-03-31";0.011155801879447064
"2016-03-30";-0.11037509387449836
"2016-03-29";0.030870370405679824
"2016-03-28";-0.052774438923574266
"2016-03-24";-0.07911110085350628
"2016-03-23";0.08588014042827197
"2016-03-22";0.08003550344844344
"2016-03-21";0.005104388553304709
"2016-03-18";0.03675930254656507
"2016-03-17";-0.07001704673114979
"2016-03-16";0.03102898249907633
"2016-03-15";-0.0665015686864823
"2016-03-14";0.09391607367401715
"2016-03-11";-0.02373739932618804
"2016-03-10";-0.020954249915331322
"2016-03-09";0.02288468717293253
"2016-03-08";0.04968570603328322
"2016-03-07";-0.023449860259899598
"2016-03-04";0.1135770853689569
"2016-03-03";-0.020816200745235144
"2016-03-02";0.07795841273027998
"2016-03-01";-0.024405762372217546
"2016-02-29";-0.08166126606778415
"2016-02-26";-0.01773592360049126
"2016-02-25";0.0011543921866216077
"2016-02-24";0.02817424263903706
"2016-02-23";-0.10140485721940908
"2016-02-22";-0.13410263967153854
"2016-02-19";-0.06960658393370639
"2016-02-18";-0.5744995537096131
"2016-02-17";-0.014709254825635301
"2016-02-16";-0.0265721072955091
"2016-02-12";0.2332870654036785
"2016-02-11";-0.3810484298280116
"2016-02-10";0.0029553612430651827
"2016-02-09";0.2069236654354059
"2016-02-08";-0.35575152698339857
"2016-02-05";0.013857391258638677
"2016-02-04";0.0027088703504915476
"2016-02-03";-0.0041264437715905775
"2016-02-02";0.026185450490035074
"2016-02-01";0.05378425088279322
"2016-01-29";-0.03499650724186806
"2016-01-28";-0.08276358838585005
"2016-01-27";0.06748024380054057
"2016-01-26";0.2632678766550923
"2016-01-25";-0.529371598080018
"2016-01-22";-0.025168580749967723
"2016-01-21";-0.053557865203394894
"2016-01-20";0.07865619970498532
"2016-01-19";0.00434125490591105
"2016-01-18";0.05633886031695024
"2016-01-15";0.06352100465466122
"2016-01-14";0.012372141097843584
"2016-01-13";0.05334212567636494
"2016-01-12";-0.054250777446284
"2016-01-11";-0.051473878152978436
"2016-01-08";0.1194944143560199
"2016-01-07";-0.03113271662485173
"2016-01-06";0.042890162936525505
"2016-01-05";0.035140527286736396
"2016-01-04";0.07174193136242542
"2015-12-31";-0.05574283144587229
"2015-12-30";0.011371736706151856
"2015-12-29";-0.01291774210842334
"2015-12-24";0.05046874916563819
"2015-12-23";0.07950661219634217
"2015-12-22";0.05056126917639087
"2015-12-21";-0.010675419072566559
"2015-12-18";-0.030462833579123078
"2015-12-17";0.07247718202558794
"2015-12-16";0.41531672949079673
"2015-12-15";-0.5445566651811768
"2015-12-14";-0.04416798022142474
"2015-12-11";0.008668132402417206
"2015-12-10";0.0803962500550825
"2015-12-09";0.05240835660600945
"2015-12-08";-0.0066527231830915134
"2015-12-07";-0.00030124494699482196
"2015-12-04";-0.03581278495596943
"2015-12-03";0.048656062284297294
"2015-12-02";0.0025189954061378694
"2015-12-01";-0.09498431359623846
"2015-11-30";-0.03306431165295897
"2015-11-27";-0.040112291528088886
"2015-11-26";0.04696456796995391
"2015-11-25";0.03201984553870088
"2015-11-24";0.01340064477275883
"2015-11-23";0.006819528902902303
"2015-11-20";-0.017961075444015692
"2015-11-19";-0.05795679981257537
"2015-11-18";0.0006489307017432631
"2015-11-17";0.0224839787532696
"2015-11-16";-0.0002576859724341407
"2015-11-13";0.18953786441081055
"2015-11-12";-0.20381817662729956
"2015-11-11";0.0631882107573598
"2015-11-10";-0.015426008019767437
"2015-11-09";0.004712577624194754
"2015-11-06";0.004877691523547707
"2015-11-05";0.01960094668315395
"2015-11-04";-0.06600971695508845
"2015-11-03";-0.00776178288954448
"2015-11-02";-0.04227423905877818
"2015-10-30";-0.0046845436054049755
"2015-10-29";-0.0615851955949038
"2015-10-28";0.029612443255240078
"2015-10-27";0.03214591494729458
"2015-10-26";-0.07785669996098518
"2015-10-23";0.06305365447192908
"2015-10-22";-0.011186426130741042
"2015-10-21";-0.004821485471714092
"2015-10-20";-0.04729937969138186
"2015-10-19";-0.004097132890492378
"2015-10-16";-0.0442489291116537
"2015-10-15";0.016455206353580658
"2015-10-14";-0.0008993686177014293
"2015-10-13";-0.06769873059216032
"2015-10-09";0.050527329290970174
"2015-10-08";0.009973333520284546
"2015-10-07";0.06079283425191927
"2015-10-06";0.00021145713514992073
"2015-10-05";0.09758911661419307
"2015-10-02";0.055264210719439835
"2015-10-01";-0.036956662977340723
"2015-09-30";-0.0007148240015282387
"2015-09-29";-0.1171504311507096
"2015-09-28";0.0499585031704747
"2015-09-25";-0.03499252826594061
"2015-09-24";-0.06370501427507477
"2015-09-23";0.001590114233265819
"2015-09-22";0.014984049148143323
"2015-09-21";-0.06326423730470346
"2015-09-18";0.020683368003010058
"2015-09-17";0.04850791635936679
"2015-09-16";-0.05502087141502858
"2015-09-15";-0.1104128919502808
"2015-09-14";-0.004682408989801157
"2015-09-11";0.008800049751959388
"2015-09-10";-0.09045574519481166
"2015-09-09";0.063022804645927
"2015-09-08";-0.07551476373448987
"2015-09-04";0.026525363892036274
"2015-09-03";0.06419991353256306
"2015-09-02";-0.08313149460551339
"2015-09-01";-0.017820338532226088
"2015-08-31";0.04392905644714782
"2015-08-28";-0.01757518960639225
"2015-08-27";-0.01797832865470482
"2015-08-26";0.05659751541807487
"2015-08-25";-0.1306266156201975
"2015-08-24";0.1293736405465648
"2015-08-21";0.10569585350938862
"2015-08-20";-0.0500316423849578
"2015-08-19";-0.0017260272648804593
"2015-08-18";-0.0035911600472622023
"2015-08-17";0.01613169452935701
"2015-08-14";-0.03663818666944691
"2015-08-13";0.05973814881336485
"2015-08-12";0.021575217720727482
"2015-08-11";0.017649673152558998
"2015-08-10";-0.023959926103216858
"2015-08-07";0.012055580668527043
"2015-08-06";0.010505574309812547
"2015-08-05";-0.06071485946417697
"2015-08-04";-0.039378778262236444
"2015-07-31";0.07249376482452732
"2015-07-30";-0.04111023431946534
"2015-07-29";-0.11230901293419918
"2015-07-28";-0.05518160169189945
"2015-07-27";-0.08520305264889849
"2015-07-24";-0.004227311834413036
"2015-07-23";-0.10215995024852866
"2015-07-22";-0.06899567791596117
"2015-07-21";0.06372744495355266
"2015-07-20";0.016531532607146626
"2015-07-17";-0.010178602923815443
"2015-07-16";0.09393936848052695
"2015-07-15";-0.022042612915797434
"2015-07-14";-0.0679042732975397
"2015-07-13";0.00902981529503872
"2015-07-10";-0.0350282736342349
"2015-07-09";0.0037926887594594907
"2015-07-08";0.012814771403421688
"2015-07-07";-0.02488222634868565
"2015-07-06";-0.04127131626034195
"2015-07-03";-0.01955167392241116
"2015-07-02";-0.0196017344508419
"2015-06-30";0.010783774520774211
"2015-06-29";-0.028011807097042235
"2015-06-26";0.01912610693965057
"2015-06-25";0.11009259572713047
"2015-06-24";-0.160286911948878
"2015-06-23";-0.06803339040768061
"2015-06-22";-0.052678757601782554
"2015-06-19";0.046378762699077515
"2015-06-18";0.01639181549843627
"2015-06-17";-0.016043355081931346
"2015-06-16";-0.03502929129882971
"2015-06-15";0.03664654806248595
"2015-06-12";0.1048357775498276
"2015-06-11";0.0063959701614737866
"2015-06-10";0.011399549260601539
"2015-06-09";-0.022273765561711324
"2015-06-08";0.03641340873025618
"2015-06-05";0.004790763813900244
"2015-06-04";-0.049891179997300826
"2015-06-03";-0.056617870299255496
"2015-06-02";-0.0008775279052892042
"2015-06-01";0.011075771083868924
"2015-05-29";0.17428149636795648
"2015-05-28";-0.02249388091560031
"2015-05-27";0.013110587883725
"2015-05-26";0.02262461085193096
"2015-05-25";-0.06369075168490411
"2015-05-22";-0.011539353604167319
"2015-05-21";-0.053769158572699725
"2015-05-20";-0.03304472265758764
"2015-05-19";0.005333568511657918
"2015-05-15";0.05107314775474515
"2015-05-14";-0.026115947263577834
"2015-05-13";0.07029066319223991
"2015-05-12";0.031603567053158005
"2015-05-11";0.02820209302222761
"2015-05-08";-0.06160749493206193
"2015-05-07";0.037306419590239503
"2015-05-06";0.053620074591896015
"2015-05-05";0.09058269606581824
"2015-05-04";-0.0633641314431973
"2015-05-01";-0.011775516283750027
"2015-04-30";0.0126939389739027
"2015-04-29";0.026109821984639157
"2015-04-28";-0.013538333258426188
"2015-04-27";-0.05434364156872641
"2015-04-24";-0.02273242329361086
"2015-04-23";-0.01656350306632923
"2015-04-22";-0.032885337132562656
"2015-04-21";-0.014208765319313378
"2015-04-20";0.008690092943111943
"2015-04-17";0.050322296432279916
"2015-04-16";0.018686345505868986
"2015-04-15";-0.03208333009898219
"2015-04-14";-0.0013454628655483695
"2015-04-13";0.06203678773039239
"2015-04-10";-0.0015060436013260847
"2015-04-09";-0.052407783949061044
"2015-04-08";-0.06890062544871584
"2015-04-07";-0.08495155577652097
"2015-04-06";-0.03435912274552594
"2015-04-02";-0.05779809759832387
"2015-04-01";0.042956272100163305
"2015-03-31";-0.007446268353340495
"2015-03-30";-0.03504004786392887
"2015-03-27";-0.04091102378735441
"2015-03-26";-0.07039976060423922
"2015-03-25";-0.07497155764820271
"2015-03-24";0.062075085528123894
"2015-03-23";0.10822381477769957
"2015-03-20";0.10820614027026411
"2015-03-19";0.06261084506405937
"2015-03-18";-0.09091473980248736
"2015-03-17";0.009637706136104186
"2015-03-16";-0.005244078371873032
"2015-03-13";0.0866187143839581
"2015-03-12";0.011144507356255173
"2015-03-11";-0.04019054868410722
"2015-03-10";0.01663672641503436
"2015-03-09";0.00624229768789538
"2015-03-06";-0.011971490539322158
"2015-03-05";-0.0028268761733030116
"2015-03-04";-0.02882024476682707
"2015-03-03";0.06829063065889904
"2015-03-02";-0.002821830154873521
"2015-02-27";0.08479792648491712
"2015-02-26";-0.09422024592745298
"2015-02-25";-0.10854724914414601
"2015-02-24";0.23737828662022195
"2015-02-23";-0.010192139408499293
"2015-02-20";0.04697113542159109
"2015-02-19";-0.09586368986793309
"2015-02-18";-0.17390777884509034
"2015-02-17";0.025449725602506103
"2015-02-13";0.043759557343893085
"2015-02-12";-0.08054516787230911
"2015-02-11";-0.015288950936860488
"2015-02-10";0.04131480992936578
"2015-02-09";-0.07778471054150143
"2015-02-06";-0.04348088287347009
"2015-02-05";-0.030346199900367576
"2015-02-04";-0.01608104400630029
"2015-02-03";0.00920999418756406
"2015-02-02";-0.0351754913549544
"2015-01-30";-0.051436293968870096
"2015-01-29";0.03716524814064543
"2015-01-28";0.15504270159343134
"2015-01-27";-0.036069006124637704
"2015-01-26";0.11154680897944477
"2015-01-23";-0.08017669702259517
"2015-01-22";0.00987122476710811
"2015-01-21";-0.04825539612982624
"2015-01-20";0.017302486490165477
"2015-01-19";0.04673290377571154
"2015-01-16";-0.08442326948113421
"2015-01-15";0.06355124553529588
"2015-01-14";0.036264355320747024
"2015-01-13";-0.009492000222520055
"2015-01-12";0.04552017267877717
"2015-01-09";0.04503584809388801
"2015-01-08";-0.05113798937561593
"2015-01-07";0.07119545706309215
"2015-01-06";-0.10753966873435944
"2015-01-05";-0.007632853514054697
"2015-01-02";-0.04301500931698034
"2014-12-31";0.050292741050677686
"2014-12-30";-0.05382563774881146
"2014-12-29";-0.03712214603106591
"2014-12-24";0.04930025349402173
"2014-12-23";0.025875863488549214
"2014-12-22";-0.0641303323014852
"2014-12-19";0.11620464503012462
"2014-12-18";-0.11961709807736745
"2014-12-17";-0.06528698115768855
"2014-12-16";0.08274499607272466
"2014-12-15";0.02580995408485712
"2014-12-12";0.049329176499911156
"2014-12-11";-0.022700363841410925
"2014-12-10";-0.0019507350239296312
"2014-12-09";0.02800712109580763
"2014-12-08";-0.0780024329970993
"2014-12-05";-0.00874086575603424
"2014-12-04";0.09733521834715386
"2014-12-03";0.048084853163941114
"2014-12-02";-0.008144352373609033
"2014-12-01";-0.09082480360941242
"2014-11-28";0.011687593305158877
"2014-11-27";0.028718214653242674
"2014-11-26";0.09248309017424067
"2014-11-25";0.04435660724711252
"2014-11-24";-0.11539336380350966
"2014-11-21";0.00426297825572728
"2014-11-20";0.05898938650535779
"2014-11-19";-0.0470389182475014
"2014-11-18";0.05047488075841233
"2014-11-17";-0.04215706389511577
"2014-11-14";-0.05860200020308618
"2014-11-13";0.06114354119398907
"2014-11-12";-1.9756999900259926e-05
"2014-11-11";-0.9774225415875915
"2014-11-10";-0.1536478852934085
"2014-11-07";0.15034606570328818
"2014-11-06";-0.05079615792487299
"2014-11-05";-0.2107922963979354
"2014-11-04";-0.13850372924951776
"2014-11-03";-0.09866920881282969
"2014-10-31";-0.047477663925052316
"2014-10-30";-0.019065677537493927
"2014-10-29";0.03644292683628948
"2014-10-28";-0.05880141203539611
"2014-10-27";0.0021767705775635818
"2014-10-24";0.03563294856770107
"2014-10-23";0.018177429939828453
"2014-10-22";0.023388746512645428
"2014-10-21";0.039979107582823026
"2014-10-20";0.049792254667738
"2014-10-17";-0.07393551366961928
"2014-10-16";0.07913220105525905
"2014-10-15";-0.047129268951889444
"2014-10-14";0.04291848684834258
"2014-10-10";0.04112289248611692
"2014-10-09";-0.032785712533793206
"2014-10-08";-0.08601734108097782
"2014-10-07";0.016542232114267433
"2014-10-06";-0.13302570881145745
"2014-10-03";0.12033826299004177
"2014-10-02";-0.008266199013036588
"2014-10-01";-0.011444355479270134
"2014-09-30";0.038135794902442455
"2014-09-29";0.02743774740226025
"2014-09-26";-0.03379530256101135
"2014-09-25";-0.030390686845858966
"2014-09-24";0.05390992762965582
"2014-09-23";0.014753785055213593
"2014-09-22";-0.029116984496675977
"2014-09-19";0.029980151782915375
"2014-09-18";0.04135490855293016
"2014-09-17";0.05061329629084328
"2014-09-16";-0.03235226402742708
"2014-09-15";0.04738053464209985
"2014-09-12";-0.053136746184435285
"2014-09-11";0.005048417517935867
"2014-09-10";0.034059731899429416
"2014-09-09";-0.07061010995291025
"2014-09-08";-0.012106114288137595
"2014-09-05";-0.025057236737423487
"2014-09-04";-0.017730217889393107
"2014-09-03";0.04453393720549706
"2014-09-02";0.04348849289228646
"2014-08-29";0.019216283438634383
"2014-08-28";0.03687468888199328
"2014-08-27";0.028271385090858702
"2014-08-26";-0.01510653075404838
"2014-08-25";0.05644583421507729
"2014-08-22";0.07716315387759087
"2014-08-21";0.04306394920158168
"2014-08-20";0.0402220601520417
"2014-08-19";-0.017791009960868263
"2014-08-18";-0.0021813914034650543
"2014-08-15";0.03541598465066315
"2014-08-14";0.009104609401801786
"2014-08-13";0.10340197458571125
"2014-08-12";0.03545942937278883
"2014-08-11";-0.021375206350906506
"2014-08-08";0.009519040261062109
"2014-08-07";0.07121168635792205
"2014-08-06";5.86209345572776e-05
"2014-08-05";-0.04229773310529117
"2014-08-01";-0.08624490167875312
"2014-07-31";-0.06498231915683475
"2014-07-30";0.04575496887931672
"2014-07-29";0.05968520757126926
"2014-07-28";0.02819206237691206
"2014-07-25";0.04832915203120498
"2014-07-24";0.0317535252348678
"2014-07-23";0.04833454084356882
"2014-07-22";0.02282579056197609
"2014-07-21";0.010644568269693334
"2014-07-18";0.0022190609313256886
"2014-07-17";-0.023374926253283336
"2014-07-16";0.036456349200389405
"2014-07-15";-0.04825229215949184
"2014-07-14";0.04733822381694268
"2014-07-11";0.01401355505981985
"2014-07-10";0.02235734206676905
"2014-07-09";0.035853491666103396
"2014-07-08";-0.0010878786217282353
"2014-07-07";-0.03746531802182178
"2014-07-04";0.0031658636004900723
"2014-07-03";0.03655338412802739
"2014-07-02";0.02880250229198799
"2014-06-30";-0.0763012957382789
"2014-06-27";-0.09997931562612022
"2014-06-26";-0.004138855579692853
"2014-06-25";-0.020145053515694157
"2014-06-24";0.0912424585368967
"2014-06-23";0.052147398367503664
"2014-06-20";0.08433712367720786
"2014-06-19";-0.0012039377799833995
"2014-06-18";0.10370469163417134
"2014-06-17";0.07124996587042988
"2014-06-16";0.008484534762295623
"2014-06-13";-0.036525910241248405
"2014-06-12";0.04829851102197168
"2014-06-11";0.004828255097285759
"2014-06-10";-0.05668480653839737
"2014-06-09";-0.07901885913987619
"2014-06-06";-0.006982238343045274
"2014-06-05";0.03918110353064931
"2014-06-04";-0.05652720435769948
"2014-06-03";0.01113959916571974
"2014-06-02";-0.01401505737204094
"2014-05-30";0.04431416164445626
"2014-05-29";0.0032997871096638806
"2014-05-28";0.010324452307787228
"2014-05-27";-0.06531992515479171
"2014-05-26";-0.07800421768981156
"2014-05-23";-0.04588056091538141
"2014-05-22";-0.0015807892705821938
"2014-05-21";-0.0480456180886193
"2014-05-20";0.005166315650032921
"2014-05-16";0.009715288923577859
"2014-05-15";0.0401304453220352
"2014-05-14";-0.05076992636682292
"2014-05-13";0.03995868026664695
"2014-05-12";0.015171585938363527
"2014-05-09";0.1095079263405702
"2014-05-08";0.018779521390336333
"2014-05-07";0.010694201723884769
"2014-05-06";0.07585044527864898
"2014-05-05";0.11626463380477063
"2014-05-02";-0.09488077523944152
"2014-05-01";-0.028463711288471118
"2014-04-30";0.10197658931582403
"2014-04-29";0.00424272318628342
"2014-04-28";0.010430195867995793
"2014-04-25";0.10457750391709736
"2014-04-24";0.025058640340300545
"2014-04-23";-0.11411389614175746
"2014-04-22";0.11742652598508332
"2014-04-21";-0.12341613158544873
"2014-04-17";-0.05032053290166412
"2014-04-16";-0.20245655811556046
"2014-04-15";0.15992655917334914
"2014-04-14";0.08544294675746213
"2014-04-11";0.10146992353100898
"2014-04-10";0.13454327454214532
"2014-04-09";-0.0892590960871443
"2014-04-08";-0.029856734036701263
"2014-04-07";-0.4222531640804215
"2014-04-04";-0.01559086857831244
"2014-04-03";-0.04325291523865514
"2014-04-02";-0.02460312717872468
"2014-04-01";0.012797272498448975
"2014-03-31";0.016239902882135296
"2014-03-28";-0.021689686717346918
"2014-03-27";-0.04066486667467406
"2014-03-26";-0.0195643441707089
"2014-03-25";0.0070164402976556715
"2014-03-24";0.009430524088716433
"2014-03-21";0.04767056140273262
"2014-03-20";0.0021015018849357206
"2014-03-19";0.0017583411908252966
"2014-03-18";-0.033647192695604976
"2014-03-17";0.012342755521674081
"2014-03-14";0.01109933680858222
"2014-03-13";-0.020426776544662052
"2014-03-12";0.0770454547947217
"2014-03-11";-0.012312662853549601
"2014-03-10";-0.0631302936635285
"2014-03-07";-0.09949673384313665
"2014-03-06";0.06023350914618691
"2014-03-05";0.0020169174520890676
"2014-03-04";0.028504513097963053
"2014-03-03";-0.08024868004028266
"2014-02-28";0.06469908289798207
"2014-02-27";-0.002106494224447787
"2014-02-26";-0.04221247484670576
"2014-02-25";0.07373739951759303
"2014-02-24";0.06403235964195925
"2014-02-21";0.005574988062671614
"2014-02-20";-0.023330861148931188
"2014-02-19";-0.03928011254503328
"2014-02-18";0.010708218295605879
"2014-02-14";0.005427725669807473
"2014-02-13";-0.01209332913410592
"2014-02-12";0.02033050519856558
"2014-02-11";-0.027782484381531178
"2014-02-10";0.03533516081538013
"2014-02-07";0.010291336771678733
"2014-02-06";0.009818659576177498
"2014-02-05";0.09532629712427937
"2014-02-04";0.12226263128062595
"2014-02-03";-0.019276382228075165
"2014-01-31";-0.014884428477902263
"2014-01-30";0.07965096748472095
"2014-01-29";0.019930982709179968
"2014-01-28";0.031959886025728405
"2014-01-27";-0.1186709952163141
"2014-01-24";0.0771162056276352
"2014-01-23";-0.05728737060308189
"2014-01-22";-0.02146882701408403
"2014-01-21";0.05000731034302208
"2014-01-20";0.0010829120518145996
"2014-01-17";-0.13300760063126446
"2014-01-16";-0.002336030387260806
"2014-01-15";0.004845123687638727
"2014-01-14";0.08679796792708949
"2014-01-13";0.0
